[
  {
    "id": "263c6912-948b-49f3-b743-5af2aaa353d7",
    "data": [
      {
        "text": "2022-05-11",
        "meta": "@sys.date",
        "alias": "expDate",
        "userDefined": false
      }
    ],
    "isTemplate": false,
    "count": 0,
    "lang": "th",
    "updated": 0
  },
  {
    "id": "d88c2d43-47ae-4c51-ae42-4e0487f1ddb0",
    "data": [
      {
        "text": "1/1/22",
        "meta": "@sys.date",
        "alias": "expDate",
        "userDefined": false
      }
    ],
    "isTemplate": false,
    "count": 1,
    "lang": "th",
    "updated": 0
  }
]