[
  {
    "id": "9b18aeb1-e2d8-42d4-ace0-0a2a38b37c49",
    "data": [
      {
        "text": "คู่มือ",
        "userDefined": false
      }
    ],
    "isTemplate": false,
    "count": 0,
    "lang": "th",
    "updated": 0
  },
  {
    "id": "16ad3eb2-d701-4008-a7cd-598289554c2c",
    "data": [
      {
        "text": "วิธี",
        "userDefined": false
      }
    ],
    "isTemplate": false,
    "count": 0,
    "lang": "th",
    "updated": 0
  },
  {
    "id": "493e6796-679a-4eb1-9e7c-530f848e22a5",
    "data": [
      {
        "text": "ใช้ยังไง",
        "userDefined": false
      }
    ],
    "isTemplate": false,
    "count": 0,
    "lang": "th",
    "updated": 0
  },
  {
    "id": "a3fb4575-fdfe-46a7-9a8f-60835d1b8e42",
    "data": [
      {
        "text": "วิธีใช้",
        "userDefined": false
      }
    ],
    "isTemplate": false,
    "count": 0,
    "lang": "th",
    "updated": 0
  }
]