[
  {
    "id": "21cdc1bd-8fab-402a-a41f-66de48aa57d6",
    "data": [
      {
        "text": "15876084033608",
        "meta": "@sys.number-integer",
        "alias": "expId",
        "userDefined": false
      }
    ],
    "isTemplate": false,
    "count": 0,
    "lang": "th",
    "updated": 0
  },
  {
    "id": "7e86b9e4-330e-4bb3-8372-7f3b0f309418",
    "data": [
      {
        "text": "354718705033693859",
        "meta": "@sys.number-integer",
        "alias": "expId",
        "userDefined": false
      }
    ],
    "isTemplate": false,
    "count": 0,
    "lang": "th",
    "updated": 0
  }
]