[
  {
    "id": "7e1e8d60-6ed1-4ce5-9adb-8ea9fa5e1b77",
    "data": [
      {
        "text": "จดจำ",
        "userDefined": false
      }
    ],
    "isTemplate": false,
    "count": 0,
    "lang": "th",
    "updated": 0
  },
  {
    "id": "dc7b2e11-9f72-48ae-833f-96732d566cac",
    "data": [
      {
        "text": "บันทึกข้อมูล",
        "userDefined": false
      }
    ],
    "isTemplate": false,
    "count": 0,
    "lang": "th",
    "updated": 0
  },
  {
    "id": "995b4479-daf8-4102-bb79-405ee62b4fc7",
    "data": [
      {
        "text": "บันทึก",
        "userDefined": false
      }
    ],
    "isTemplate": false,
    "count": 0,
    "lang": "th",
    "updated": 0
  },
  {
    "id": "d28eb6b4-b789-40c4-828c-93e02e6e1dcc",
    "data": [
      {
        "text": "จำที",
        "userDefined": false
      }
    ],
    "isTemplate": false,
    "count": 0,
    "lang": "th",
    "updated": 0
  },
  {
    "id": "665a91fa-f8b5-401e-aab5-3dc2ab993038",
    "data": [
      {
        "text": "เริ่ม",
        "userDefined": false
      }
    ],
    "isTemplate": false,
    "count": 0,
    "lang": "th",
    "updated": 0
  },
  {
    "id": "11e112a4-5897-4844-957c-b5f44e5a262e",
    "data": [
      {
        "text": "จำหน่อย",
        "userDefined": false
      }
    ],
    "isTemplate": false,
    "count": 0,
    "lang": "th",
    "updated": 0
  }
]