[
  {
    "id": "ee1e38c5-a616-47c0-bb58-c9a581d9b457",
    "data": [
      {
        "text": "15910808322169",
        "meta": "@sys.number-integer",
        "alias": "expId",
        "userDefined": false
      }
    ],
    "isTemplate": false,
    "count": 0,
    "lang": "th",
    "updated": 0
  },
  {
    "id": "3c25849c-6f41-47bb-8db3-25536ef27aca",
    "data": [
      {
        "text": "354718705033693859",
        "meta": "@sys.number-integer",
        "alias": "expId",
        "userDefined": false
      }
    ],
    "isTemplate": false,
    "count": 0,
    "lang": "th",
    "updated": 0
  },
  {
    "id": "a3b0c3ba-3674-4b53-8860-ec5e5a35e9a4",
    "data": [
      {
        "text": "15876084033608",
        "meta": "@sys.number-integer",
        "alias": "expId",
        "userDefined": false
      }
    ],
    "isTemplate": false,
    "count": 0,
    "lang": "th",
    "updated": 0
  }
]