[
  {
    "id": "711a6111-518e-4ec7-bbaf-2db827df1a29",
    "data": [
      {
        "text": "หมดอายุ ",
        "userDefined": false
      },
      {
        "text": "1/1/22",
        "meta": "@sys.date",
        "alias": "expDate",
        "userDefined": false
      }
    ],
    "isTemplate": false,
    "count": 0,
    "lang": "th",
    "updated": 0
  },
  {
    "id": "d66ee086-95de-4e4f-87ee-0791ef8f1703",
    "data": [
      {
        "text": "14/02/21",
        "meta": "@sys.date",
        "alias": "expDate",
        "userDefined": false
      }
    ],
    "isTemplate": false,
    "count": 0,
    "lang": "th",
    "updated": 0
  }
]