[
  {
    "id": "fede97e8-b367-47c3-bf3b-22c8d77c31f3",
    "data": [
      {
        "text": "15910808322169",
        "meta": "@sys.number-integer",
        "alias": "productId",
        "userDefined": false
      }
    ],
    "isTemplate": false,
    "count": 0,
    "lang": "th",
    "updated": 0
  },
  {
    "id": "9591d990-bb8e-45a0-ae28-dd494509bee1",
    "data": [
      {
        "text": "15876084033608",
        "meta": "@sys.number-integer",
        "alias": "productId",
        "userDefined": false
      }
    ],
    "isTemplate": false,
    "count": 0,
    "lang": "th",
    "updated": 0
  },
  {
    "id": "df8fba28-a2c4-40ce-9e56-8235a162d060",
    "data": [
      {
        "text": "354718705033693859",
        "meta": "@sys.number-integer",
        "alias": "productId",
        "userDefined": false
      }
    ],
    "isTemplate": false,
    "count": 0,
    "lang": "th",
    "updated": 0
  }
]